Word,Count
ai,36
to,24
as,20
python,12
will,12
systems,11
java,11
future,9
its,9
is,9
such,9
it,9
languages,8
libraries,7
the,6
role,6
are,6
these,6
that,6
pythons,6
from,5
programming,5
learning,5
intelligence,4
innovation,4
ais,4
this,4
tools,4
into,4
than,4
human,4
life,4
developers,4
technological,3
advancements,3
possibilities,3
capabilities,3
we,3
frameworks,3
choice,3
between,3
their,3
development,3
building,3
language,3
critical,3
providing,3
like,3
agi,3
range,3
research,3
be,3
two,3
has,3
ecosystem,3
applications,3
not,3
performance,3
real-time,3
scalability,3
make,3
artificial,2
how,2
humans,2
interact,2
industries,2
education,2
have,2
toward,2
what,2
pivotal,2
which,2
intelligent,2
ai-powered,2
offers,2
areas,2
natural,2
processing,2
computer,2
vision,2
autonomous,2
reasoning,2
algorithms,2
general,2
fields,2
for,2
detection,2
become,2
collaborative,2
rather,2
tasks,2
across,2
wide,2
environments,2
journey,2
collaboration,2
more,2
potential,2
content,2
ethical,2
focus,2
your,2
conceptual,2
technologies,2
used,2
bring,2
writing,2
training,2
models,2
strengths,2
use,2
syntax,2
makes,2
both,2
beginners,2
faster,2
most,2
other,2
researchers,2
less,2
extensive,2
support,2
ensures,2
via,2
terms,2
execution,2
speed,2
can,2
prototyping,2
enterprise-level,2
making,2
where,2
javas,2
large-scale,2
robustness,2
a,1
odysseyartificial,1
stands,1
forefront,1
modern,1
revolutionizing,1
digital,1
world,1
reshaping,1
countless,1
healthcare,1
transportation,1
entertainment,1
propelled,1
humanity,1
brimming,1
continues,1
mature,1
promises,1
far,1
beyond,1
currently,1
comprehend—redefining,1
societal,1
norms,1
transforming,1
even,1
altering,1
perceive,1
itself,1
coupled,1
evolution,1
serve,1
backbone,1
designing,1
implementing,1
others,1
sparks,1
significant,1
debate,1
about,1
suitability,1
dominance,1
erathe,1
exponential,1
growth,1
beyondthe,1
trajectory,1
glimpse,1
transformative,1
recent,1
successes,1
robotics,1
predictive,1
modeling,1
next,1
stages,1
move,1
self-learning,1
intelligenceai,1
decision-maker,1
in,1
near,1
poised,1
take,1
larger,1
decision-making,1
processes,1
especially,1
medicine,1
governance,1
climate,1
action,1
instance,1
diagnostic,1
already,1
early,1
diseases,1
cancer,1
unprecedented,1
accuracy,1
explainable,1
ensure,1
transparency,1
build,1
public,1
trust,1
enabling,1
them,1
partners,1
mere,1
toolsthe,1
rise,1
agi—machines,1
capable,1
understanding,1
performing,1
domains—represents,1
holy,1
grail,1
unlike,1
narrow,1
counterparts,1
possess,1
ability,1
reason,1
abstractly,1
adapt,1
unstructured,1
though,1
achieving,1
may,1
still,1
decades,1
away,1
progress,1
neural,1
architecture,1
search,1
reinforcement,1
suggests,1
well,1
underwayhuman-ai,1
becomes,1
integrated,1
our,1
lives,1
shift,1
replacing,1
effort,1
augmenting,1
designed,1
work,1
alongside,1
acting,1
co-pilots,1
complex,1
scenarios,1
example,1
creative,1
music,1
art,1
literature,1
ai-generated,1
complement,1
creativity,1
supplant,1
opening,1
new,1
avenues,1
innovationethical,1
social,1
implications,1
with,1
increasing,1
influence,1
comes,1
growing,1
responsibility,1
address,1
concerns,1
heavily,1
ensuring,1
fairness,1
mitigating,1
bias,1
protecting,1
user,1
privacy,1
globally,1
accepted,1
ethics,1
nations,1
organizations,1
strive,1
balance,1
accountabilityai,1
everyday,1
further,1
integrate,1
fabric,1
daily,1
through,1
iot,1
internet,1
things,1
devices,1
personalized,1
assistants,1
smart,1
infrastructure,1
imagine,1
homes,1
predict,1
needs,1
vehicles,1
drive,1
autonomously,1
zero,1
accidents,1
tailor,1
individual,1
styles,1
rapidly,1
transitioning,1
speculative,1
fiction,1
tangible,1
realitythe,1
developmentthe,1
success,1
relies,1
much,1
breakthroughs,1
ideas,1
among,1
occupy,1
central,1
foundation,1
deploying,1
popular,1
choices,1
realm,1
each,1
own,1
weaknessespython,1
unrivaled,1
king,1
aipython,1
emerged,1
dominant,1
good,1
reasonsease,1
readability,1
simple,1
clean,1
accessible,1
seasoned,1
testing,1
debugging,1
allowing,1
coding,1
complexityrich,1
boasts,1
tailored,1
machine,1
tensorflow,1
pytorch,1
scikit-learn,1
numpy,1
pandas,1
just,1
few,1
examples,1
simplify,1
data,1
preprocessing,1
model,1
deployment,1
streamlined,1
workflow,1
developerscommunity,1
popularity,1
fostered,1
vibrant,1
community,1
environment,1
wealth,1
online,1
resources,1
tutorials,1
forums,1
help,1
overcome,1
challengesflexibility,1
domains,1
versatility,1
ideal,1
working,1
spacy,1
opencvhowever,1
without,1
limitations,1
lags,1
behind,1
c,1
concern,1
requiring,1
ultra-fast,1
processingjava,1
power,1
speedwhile,1
dominates,1
maintains,1
strong,1
presence,1
production,1
applicationsperformance,1
suitable,1
fraud,1
trading,1
platformsscalability,1
multithreading,1
excellent,1
deployments,1
reliability,1
enterprise,1
environmentsintegration,1
integrates,1
seamlessly,1
commonly,1
industry,1
databases,1
web,1
particularly,1
valuable,1
need,1
existing,1
software,1
infrastructuresextensive,1
ai-specific,1
deeplearning4j,1
weka,1
moa,1
while,1
powerful,1
well-suited,1
specific,1
casesdespite,1
advantages,1
steeper,1
curve,1
compared,1
beginner-friendly,1
also,1
lacks,1
widespread,1
adoption,1
seen,1
communitythe,1
verdict,1
javathe,1
largely,1
depends,1
project,1
requirementsfor,1
small-scale,1
projects,1
simplicity,1
library,1
go-to,1
choicefor,1
better,1
optionultimately,1
place,1
landscape,1
proficient,1
often,1
combine,1
when,1
neededconclusionthe,1
exhilarating,1
uncharted,1
territory,1
promising,1
reshape,1
every,1
facet,1
human-ai,1
endless,1
influential,1
domain-each,1
unique,1
table,1
empowering,1
unlock,1
full,1
potentialas,1
continue,1
push,1
boundaries,1
achieve,1
synergy,1
remain,1
whether,1
youre,1
novice,1
exploring,1
friendly,1
expert,1
optimizing,1
contributions,1
play,1
vital,1
only,1
enhances,1
but,1
elevates,1
humanitys,1
collective,1
